{"stats":{"minecraft:killed_by":{"minecraft:player":1},"minecraft:custom":{"minecraft:jump":39,"minecraft:time_since_rest":1509,"minecraft:damage_dealt":227,"minecraft:deaths":1,"minecraft:sprint_one_cm":3324,"minecraft:play_time":3554,"minecraft:damage_taken":276,"minecraft:time_since_death":1449,"minecraft:walk_one_cm":9911,"minecraft:total_world_time":3554,"minecraft:fall_one_cm":1115,"minecraft:fly_one_cm":4681,"minecraft:player_kills":1},"minecraft:mined":{"minecraft:grass":2,"minecraft:spruce_leaves":3}},"DataVersion":3465}