{"stats":{"minecraft:picked_up":{"minecraft:spruce_sapling":1,"minecraft:dirt":1},"minecraft:used":{"minecraft:dirt":1},"minecraft:killed_by":{"minecraft:zombie":2},"minecraft:custom":{"minecraft:jump":26,"minecraft:damage_dealt":23,"minecraft:time_since_rest":12456,"minecraft:deaths":2,"minecraft:crouch_one_cm":176,"minecraft:sprint_one_cm":1018,"minecraft:play_time":20053,"minecraft:damage_taken":540,"minecraft:time_since_death":12428,"minecraft:walk_one_cm":8706,"minecraft:sneak_time":63,"minecraft:total_world_time":20053,"minecraft:drop":1,"minecraft:fly_one_cm":936,"minecraft:leave_game":1},"minecraft:dropped":{"minecraft:spruce_sapling":1},"minecraft:mined":{"minecraft:spruce_leaves":7,"minecraft:grass_block":1}},"DataVersion":3465}