{"stats":{"minecraft:picked_up":{"minecraft:spruce_sapling":1,"minecraft:dirt":1},"minecraft:used":{"minecraft:dirt":1},"minecraft:killed_by":{"minecraft:zombie":2,"minecraft:player":1},"minecraft:custom":{"minecraft:time_since_rest":1509,"minecraft:crouch_one_cm":421,"minecraft:sprint_one_cm":1364,"minecraft:play_time":23174,"minecraft:deaths":3,"minecraft:damage_taken":793,"minecraft:walk_one_cm":20303,"minecraft:sneak_time":97,"minecraft:drop":1,"minecraft:jump":60,"minecraft:damage_dealt":266,"minecraft:leave_game":1,"minecraft:time_since_death":1410,"minecraft:total_world_time":23174,"minecraft:fall_one_cm":484,"minecraft:fly_one_cm":2991,"minecraft:player_kills":1},"minecraft:dropped":{"minecraft:spruce_sapling":1},"minecraft:mined":{"minecraft:grass_block":1,"minecraft:spruce_leaves":7}},"DataVersion":3465}